{
  "classification_results": {
    "Random Forest": {
      "accuracy": 0.9233333333333333,
      "precision": 0.9463087248322147,
      "recall": 0.7877094972067039,
      "f1_score": 0.8597560975609756,
      "auc": 0.9405114186759378
    },
    "XGBoost": {
      "accuracy": 0.925,
      "precision": 0.9085365853658537,
      "recall": 0.8324022346368715,
      "f1_score": 0.8688046647230321,
      "auc": 0.9483273398001566
    }
  },
  "regression_results": {
    "Random Forest Regressor": {
      "r2": 0.5375293351119614,
      "mae": 18.439443233788733,
      "rmse": 24.02125212672806,
      "mape": 62.82250567082528
    },
    "XGBoost Regressor": {
      "r2": 0.6875917634825272,
      "mae": 15.224725174504286,
      "rmse": 19.743074495951962,
      "mape": 47.0591298844495
    }
  },
  "best_classification_model": "XGBoost",
  "best_regression_model": "XGBoost Regressor",
  "enhanced_features": [
    "Intent_To_Stay_12Months",
    "Engagement_Survey_Score",
    "Meeting_Participation_Score",
    "Time_Since_Last_Promotion_Months",
    "Training_Completion_Rate"
  ],
  "total_features": 29,
  "approach": "FIXED_REALISTIC_LEAD_TIMES"
}