{
  "classification_results": {
    "Random Forest": {
      "accuracy": 0.8966666666666666,
      "auc": 0.9169151712018745
    },
    "XGBoost": {
      "accuracy": 0.9116666666666666,
      "auc": 0.9095265988604292
    }
  },
  "regression_results": {
    "Random Forest Regressor": {
      "r2": 0.1163034490371283,
      "mae": 17.052185684109208,
      "rmse": 21.61087176016097
    },
    "XGBoost Regressor": {
      "r2": 0.09554297114981425,
      "mae": 17.11163891567273,
      "rmse": 21.863247708771116
    }
  },
  "best_classification_model": "Random Forest",
  "best_regression_model": "Random Forest Regressor"
}